Age,Income,Debt,Payment_History,Loan_Amount,Debt_To_Income,Loan_To_Income,Creditworthy
59,24018,47837,84,22908,1.992,0.954,0
49,31302,11536,78,34336,0.369,1.097,1
35,87506,28541,85,45992,0.326,0.526,1
63,61157,79083,91,60350,1.293,0.987,1
28,74917,51027,13,74561,0.681,0.995,0
41,112738,34531,26,56955,0.306,0.505,1
59,116646,8712,39,66240,0.075,0.568,1
39,103122,65455,57,25093,0.635,0.243,1
43,44519,74744,27,11155,1.679,0.251,0
31,116809,5109,25,51607,0.044,0.442,1
31,107487,49268,62,38487,0.458,0.358,1
44,76819,54615,65,60668,0.711,0.79,1
56,100910,29759,24,25963,0.295,0.257,1
60,140430,60112,2,55124,0.428,0.393,0
44,91324,26589,71,57870,0.291,0.634,1
23,25408,30015,43,61547,1.181,2.422,0
42,79379,29009,96,69110,0.365,0.871,1
22,45053,62046,41,58554,1.377,1.3,0
44,29446,26143,98,25936,0.888,0.881,1
64,20922,6154,5,9426,0.294,0.451,0
50,118723,21804,38,93839,0.184,0.79,1
58,71356,41688,51,32606,0.584,0.457,1
22,30789,64288,22,52832,2.088,1.716,0
41,117720,51195,88,33151,0.435,0.282,1
53,86656,20581,49,84303,0.238,0.973,1
32,64028,52648,42,16308,0.822,0.255,1
42,84484,30087,18,67522,0.356,0.799,0
64,52154,49930,68,50671,0.957,0.972,1
45,102870,32981,50,95306,0.321,0.926,1
47,22336,69298,10,99108,3.103,4.437,0
62,123677,46167,11,7204,0.373,0.058,1
48,87779,75304,73,97769,0.858,1.114,1
36,39029,43408,7,92265,1.112,2.364,0
35,79201,39499,23,36131,0.499,0.456,0
64,52265,52269,91,57428,1.0,1.099,1
23,122916,38559,40,38870,0.314,0.316,1
57,132250,74319,35,54067,0.562,0.409,1
27,136553,48787,84,63585,0.357,0.466,1
41,63872,35488,71,26607,0.556,0.417,1
29,66197,74441,54,29968,1.125,0.453,0
59,145733,74663,8,16908,0.512,0.116,0
38,75180,22431,46,31423,0.298,0.418,1
24,43710,61681,14,79707,1.411,1.824,0
45,49486,63483,47,83257,1.283,1.682,0
34,91907,49153,81,66215,0.535,0.72,1
29,148876,6368,41,60835,0.043,0.409,1
46,91895,27424,59,54429,0.298,0.592,1
22,84435,45004,83,87152,0.533,1.032,1
40,60631,56985,69,43458,0.94,0.717,1
48,149038,50069,11,51169,0.336,0.343,1
27,121532,52326,1,12659,0.431,0.104,0
64,40103,23398,6,65614,0.583,1.636,0
28,84772,50861,79,82240,0.6,0.97,1
55,146108,75897,2,37793,0.519,0.259,0
34,34382,68577,2,51473,1.995,1.497,0
37,104291,65641,26,94388,0.629,0.905,0
56,121195,9078,39,93330,0.075,0.77,1
60,23756,25003,32,60751,1.052,2.557,0
24,40609,62768,91,83915,1.546,2.066,0
22,134074,51047,0,59254,0.381,0.442,0
26,36478,71626,7,12006,1.964,0.329,0
62,120978,57660,31,79218,0.477,0.655,1
24,59666,49786,47,70344,0.834,1.179,0
49,95683,1925,3,38840,0.02,0.406,1
38,119097,26015,93,37430,0.218,0.314,1
46,144714,33320,69,28091,0.23,0.194,1
64,120420,64881,18,37983,0.539,0.315,0
54,91315,26289,31,28989,0.288,0.317,1
30,97834,3389,8,80451,0.035,0.822,0
56,146205,25683,11,23990,0.176,0.164,1
34,34153,13629,10,95270,0.399,2.79,0
51,129415,61550,45,85360,0.476,0.66,1
35,96325,24826,15,41081,0.258,0.426,0
28,129701,26630,0,16033,0.205,0.124,0
34,32999,46163,62,21241,1.399,0.644,0
43,75318,66435,20,10939,0.882,0.145,0
60,20814,11653,29,52562,0.56,2.525,0
41,135033,27961,12,40063,0.207,0.297,1
36,96077,74137,33,81721,0.772,0.851,0
38,110474,33662,3,32045,0.305,0.29,0
44,22443,56446,27,49769,2.515,2.218,0
46,95993,21288,94,52118,0.222,0.543,1
45,95916,36877,58,89703,0.384,0.935,1
61,93319,15313,26,26625,0.164,0.285,1
49,145885,72715,68,32076,0.498,0.22,1
35,129777,10326,24,69805,0.08,0.538,1
21,37368,1560,2,49605,0.042,1.327,0
45,35328,79148,96,89565,2.24,2.535,0
27,76942,26745,67,93509,0.348,1.215,1
29,111751,31890,24,44121,0.285,0.395,1
44,119131,20022,19,70101,0.168,0.588,0
21,47306,52579,33,36433,1.111,0.77,0
64,105451,70316,25,48309,0.667,0.458,0
28,59915,28380,4,72468,0.474,1.21,0
44,57219,2356,98,49254,0.041,0.861,1
31,100879,70326,60,72293,0.697,0.717,1
37,131939,20049,91,42853,0.152,0.325,1
28,84644,75717,92,43405,0.895,0.513,1
55,80279,16082,8,71652,0.2,0.893,0
55,73028,661,49,48527,0.009,0.664,1
53,124263,37412,5,82227,0.301,0.662,0
25,20126,2920,82,5492,0.145,0.273,1
62,72329,60315,59,98418,0.834,1.361,0
59,47632,79561,43,13811,1.67,0.29,0
61,127099,8946,10,98344,0.07,0.774,0
48,85310,45500,65,29272,0.533,0.343,1
27,129945,16309,46,98935,0.126,0.761,1
29,75176,55230,72,77010,0.735,1.024,1
28,139797,30027,84,97492,0.215,0.697,1
32,106066,72541,87,52153,0.684,0.492,1
54,125500,59321,97,59110,0.473,0.471,1
53,146413,956,85,18979,0.007,0.13,1
43,64327,74131,2,33328,1.152,0.518,0
44,88904,47908,75,17867,0.539,0.201,1
57,23797,78339,91,64234,3.292,2.699,0
55,67882,25963,29,30851,0.382,0.454,0
64,33718,39443,89,36279,1.17,1.076,1
60,54560,39063,20,78402,0.716,1.437,0
42,96589,4703,27,20449,0.049,0.212,1
47,42116,65128,89,81221,1.546,1.929,0
55,56244,72099,61,94080,1.282,1.673,0
21,121721,25849,32,10451,0.212,0.086,1
55,21645,31860,84,92178,1.472,4.259,0
57,67523,31585,34,46316,0.468,0.686,0
34,144085,22015,51,68064,0.153,0.472,1
23,137718,77539,33,68761,0.563,0.499,0
21,39256,43585,40,43870,1.11,1.118,0
25,121376,26958,50,35873,0.222,0.296,1
46,120158,26017,46,63627,0.217,0.53,1
34,73173,76707,81,71155,1.048,0.972,1
59,57430,45350,57,30372,0.79,0.529,0
47,59282,12201,74,8642,0.206,0.146,1
29,139719,29426,56,33001,0.211,0.236,1
35,83374,17778,22,39064,0.213,0.469,1
35,88244,45241,47,99826,0.513,1.131,0
46,31694,42229,21,19122,1.332,0.603,0
62,76264,48364,16,29820,0.634,0.391,0
33,95060,57056,68,73431,0.6,0.772,1
52,117416,27490,10,60745,0.234,0.517,1
59,77545,19975,93,55081,0.258,0.71,1
52,138195,26723,14,75902,0.193,0.549,0
24,59224,23279,90,13711,0.393,0.232,1
50,122516,78301,34,90132,0.639,0.736,0
57,117945,11561,32,23793,0.098,0.202,1
43,33224,66061,83,13199,1.988,0.397,0
59,60738,49153,15,81253,0.809,1.338,0
35,45150,33142,33,41191,0.734,0.912,0
63,83731,26916,65,15211,0.321,0.182,1
49,69688,64324,98,68069,0.923,0.977,1
56,119929,44965,39,93896,0.375,0.783,0
33,128618,4648,27,61746,0.036,0.48,1
52,93509,35133,46,26542,0.376,0.284,1
27,28577,50677,38,36312,1.773,1.271,0
42,28070,70135,69,50242,2.499,1.79,0
48,146161,35046,72,98783,0.24,0.676,1
22,28666,47064,19,92893,1.642,3.241,0
62,77761,69350,0,60388,0.892,0.777,0
26,141178,45893,71,32691,0.325,0.232,1
48,56368,61272,86,82960,1.087,1.472,0
48,26783,67649,62,89388,2.526,3.337,0
64,131530,64674,66,27601,0.492,0.21,1
64,61914,13760,3,23020,0.222,0.372,1
40,90507,21927,57,13155,0.242,0.145,1
50,147738,61367,24,74119,0.415,0.502,1
31,99026,12588,46,86051,0.127,0.869,1
48,135893,52233,37,41777,0.384,0.307,1
45,131255,44738,14,24710,0.341,0.188,0
59,130616,33397,62,29532,0.256,0.226,1
53,87526,76367,20,23601,0.873,0.27,0
21,90835,71260,98,68227,0.784,0.751,1
47,65765,76619,56,9967,1.165,0.152,0
33,39956,19816,52,89289,0.496,2.235,0
61,107895,42240,45,25022,0.391,0.232,1
23,66240,6276,13,48463,0.095,0.732,0
59,141008,79530,99,79671,0.564,0.565,1
26,57148,23499,75,10722,0.411,0.188,1
28,114270,71635,16,32413,0.627,0.284,0
47,147978,35946,38,97772,0.243,0.661,1
29,24757,55204,8,86050,2.23,3.476,0
57,39097,51886,98,90867,1.327,2.324,0
53,30395,71652,76,88596,2.357,2.915,0
62,36241,15563,78,71732,0.429,1.979,1
64,123892,9847,81,17297,0.079,0.14,1
44,47696,26155,96,73323,0.548,1.537,1
35,135654,79671,5,28816,0.587,0.212,0
52,90480,67278,90,45695,0.744,0.505,1
52,66163,18309,22,24702,0.277,0.373,1
44,39816,619,58,30242,0.016,0.76,1
61,69840,50108,90,60841,0.717,0.871,1
32,122547,34707,97,72712,0.283,0.593,1
59,72853,20337,45,90663,0.279,1.244,1
22,44917,66504,37,97764,1.481,2.177,0
23,116731,47614,13,58574,0.408,0.502,0
57,41566,281,99,90744,0.007,2.183,1
37,95452,27420,71,33482,0.287,0.351,1
22,82823,39030,61,14171,0.471,0.171,1
22,141392,1058,34,8696,0.007,0.062,1
48,40806,76260,18,25058,1.869,0.614,0
43,95520,28404,29,25313,0.297,0.265,1
57,21759,29856,77,24149,1.372,1.11,0
52,146092,9200,83,58521,0.063,0.401,1
53,61949,64178,24,50740,1.036,0.819,0
21,112374,33997,39,9956,0.303,0.089,1
39,22482,25611,87,80731,1.139,3.591,0
22,44442,41235,13,87612,0.928,1.971,0
64,53719,35057,25,71641,0.653,1.334,0
46,78066,1239,86,68811,0.016,0.881,1
52,113501,65661,21,57160,0.579,0.504,0
26,22079,45272,47,56313,2.05,2.551,0
52,22717,61212,82,68232,2.695,3.004,0
24,79676,15398,50,20417,0.193,0.256,1
31,47952,56503,2,29729,1.178,0.62,0
37,106444,6638,41,35099,0.062,0.33,1
58,62460,6570,18,34961,0.105,0.56,0
44,110397,68785,72,17602,0.623,0.159,1
25,92847,9110,27,14256,0.098,0.154,1
54,113607,79141,83,91120,0.697,0.802,1
26,109106,12115,44,39681,0.111,0.364,1
42,38449,39062,70,96328,1.016,2.505,0
31,53536,22911,77,92440,0.428,1.727,1
36,84077,32556,62,69789,0.387,0.83,1
53,58258,78131,72,48361,1.341,0.83,0
29,68302,1969,18,69503,0.029,1.018,0
26,145937,43753,46,39540,0.3,0.271,1
36,48865,4470,13,31536,0.091,0.645,1
49,26645,10225,37,89700,0.384,3.366,0
23,139771,23196,52,68043,0.166,0.487,1
40,58000,13669,60,83532,0.236,1.44,1
56,46737,37380,35,61575,0.8,1.317,0
39,31485,48320,39,7871,1.535,0.25,0
46,58565,47414,80,51002,0.81,0.871,1
23,45522,15577,29,54812,0.342,1.204,0
39,139614,55409,8,27626,0.397,0.198,1
40,85155,28625,63,64979,0.336,0.763,1
52,75168,24089,32,81057,0.32,1.078,1
27,72487,36487,51,71668,0.503,0.989,0
61,149948,65838,88,85070,0.439,0.567,1
53,32342,50138,13,94390,1.55,2.918,0
60,60806,42823,74,47998,0.704,0.789,1
59,68770,37208,52,68814,0.541,1.001,0
38,98623,54061,98,50607,0.548,0.513,1
60,123177,30659,58,12812,0.249,0.104,1
21,119785,31890,77,66844,0.266,0.558,1
31,95629,79134,93,75093,0.828,0.785,1
48,140993,47055,40,7179,0.334,0.051,1
45,72603,19508,67,48798,0.269,0.672,1
43,146944,42287,67,79601,0.288,0.542,1
51,132726,78916,91,13275,0.595,0.1,1
50,101974,26984,7,55574,0.265,0.545,0
62,125947,8125,1,52857,0.065,0.42,0
55,46399,36059,85,25700,0.777,0.554,1
27,148177,69569,40,44464,0.469,0.3,1
36,105382,17087,54,47351,0.162,0.449,1
46,101244,5704,15,98330,0.056,0.971,1
22,129575,60576,92,99319,0.467,0.766,1
21,135520,73384,61,87534,0.541,0.646,1
32,130904,72460,47,18869,0.554,0.144,1
25,96534,27208,29,65315,0.282,0.677,0
57,75106,66024,11,98688,0.879,1.314,0
52,132599,39882,34,25954,0.301,0.196,1
29,50678,25923,10,36555,0.512,0.721,0
61,96218,29165,63,68353,0.303,0.71,1
55,83230,67203,49,87190,0.807,1.048,0
39,134684,4114,84,50026,0.031,0.371,1
36,94055,64965,20,51976,0.691,0.553,0
23,76373,36321,68,85578,0.476,1.121,1
40,51480,73297,47,96502,1.424,1.875,0
44,105230,25426,19,50095,0.242,0.476,0
53,88836,17772,66,19270,0.2,0.217,1
44,92258,3712,43,35908,0.04,0.389,1
31,59986,1367,32,20523,0.023,0.342,1
28,44160,51924,72,67433,1.176,1.527,0
56,105595,3726,60,52068,0.035,0.493,1
58,121358,27723,8,24991,0.228,0.206,0
60,99111,9108,67,15775,0.092,0.159,1
40,84929,77714,34,82801,0.915,0.975,0
55,93506,35643,80,89995,0.381,0.962,1
45,54911,31324,97,66250,0.57,1.206,1
55,107127,8927,87,21673,0.083,0.202,1
45,51821,22443,95,32056,0.433,0.619,1
49,95039,79973,64,11614,0.841,0.122,1
38,80535,63449,7,12415,0.788,0.154,0
38,133453,76743,44,93691,0.575,0.702,1
22,104458,60233,86,48884,0.577,0.468,1
55,32175,25537,46,21964,0.794,0.683,0
36,139235,77576,39,42726,0.557,0.307,0
61,74771,22612,75,42044,0.302,0.562,1
56,126660,6471,53,62149,0.051,0.491,1
53,147157,35631,75,42544,0.242,0.289,1
24,141300,31348,45,54976,0.222,0.389,1
53,106925,64732,46,37252,0.605,0.348,1
34,133374,1177,14,8832,0.009,0.066,1
41,86358,4760,18,95811,0.055,1.109,0
40,37327,32779,25,85437,0.878,2.289,0
28,67057,21636,51,39148,0.323,0.584,1
27,26150,53551,92,66240,2.048,2.533,0
23,24425,11556,21,93454,0.473,3.826,0
37,143654,27598,20,90076,0.192,0.627,0
53,36032,11563,50,82116,0.321,2.279,0
32,22198,46819,37,58459,2.109,2.634,0
42,80500,73770,19,43402,0.916,0.539,0
42,73394,26966,28,62727,0.367,0.855,0
50,40079,59889,50,43578,1.494,1.087,0
58,56220,26987,3,95453,0.48,1.698,0
58,61874,78714,54,27318,1.272,0.442,0
28,33859,58348,70,80715,1.723,2.384,0
47,70460,24596,91,82787,0.349,1.175,1
47,51419,33174,27,90029,0.645,1.751,0
54,138865,64106,3,25466,0.462,0.183,0
41,28705,69967,21,50475,2.437,1.758,0
50,62880,59182,75,65142,0.941,1.036,1
53,149838,39310,44,90160,0.262,0.602,1
48,43236,56088,66,31564,1.297,0.73,0
53,107955,8906,85,27412,0.082,0.254,1
25,105514,36914,65,98526,0.35,0.934,1
39,123145,45379,87,56001,0.369,0.455,1
24,35358,78612,33,62649,2.223,1.772,0
55,119713,37650,90,65957,0.315,0.551,1
37,114914,46881,54,40517,0.408,0.353,1
64,122870,46413,0,18156,0.378,0.148,0
48,96918,6012,71,28064,0.062,0.29,1
50,139179,50115,86,30711,0.36,0.221,1
49,136243,7151,37,35106,0.052,0.258,1
26,34596,57716,5,70458,1.668,2.037,0
55,53572,36378,85,21589,0.679,0.403,1
61,98757,42652,24,94272,0.432,0.955,0
57,21279,72430,81,91511,3.404,4.301,0
44,83197,13467,16,12214,0.162,0.147,1
49,131496,31010,60,90731,0.236,0.69,1
51,82516,54691,11,32127,0.663,0.389,0
55,27083,64157,5,10141,2.369,0.374,0
53,140674,12289,89,33884,0.087,0.241,1
41,140307,44976,26,95421,0.321,0.68,0
52,146457,43596,7,7708,0.298,0.053,1
43,129397,23171,82,23375,0.179,0.181,1
53,37771,44139,64,20088,1.169,0.532,1
23,49975,48713,56,62615,0.975,1.253,0
38,65648,29734,92,50046,0.453,0.762,1
45,145641,72588,98,15014,0.498,0.103,1
62,68285,63646,39,69425,0.932,1.017,0
51,39063,3654,13,8273,0.094,0.212,1
23,87642,18743,34,52135,0.214,0.595,1
60,110093,48368,47,35881,0.439,0.326,1
44,134390,74172,83,83077,0.552,0.618,1
52,106143,6441,55,13712,0.061,0.129,1
42,57599,24611,48,79704,0.427,1.384,0
43,71920,12149,12,57874,0.169,0.805,0
22,48529,59189,60,74087,1.22,1.527,0
47,55954,21675,48,17297,0.387,0.309,1
62,47856,71031,45,32128,1.484,0.671,0
22,22573,42668,61,73368,1.89,3.25,0
46,98344,13673,7,99019,0.139,1.007,0
37,55367,76666,42,92599,1.385,1.672,0
60,122337,65429,19,93499,0.535,0.764,0
53,126732,23669,96,83958,0.187,0.662,1
29,119608,34068,89,37920,0.285,0.317,1
63,80774,9435,38,16156,0.117,0.2,1
59,43752,52249,84,16108,1.194,0.368,1
49,75029,37384,48,36845,0.498,0.491,1
62,37685,76153,63,7800,2.021,0.207,0
46,71693,75388,61,47712,1.052,0.666,0
55,136739,31401,53,7610,0.23,0.056,1
45,75961,71831,8,82603,0.946,1.087,0
44,126937,34084,87,38872,0.269,0.306,1
33,144956,55826,36,15728,0.385,0.109,1
27,96908,36451,48,25583,0.376,0.264,1
56,145537,7227,40,90774,0.05,0.624,1
40,146678,31910,16,12263,0.218,0.084,1
21,94532,36041,87,72450,0.381,0.766,1
28,101994,65681,20,94285,0.644,0.924,0
36,76133,65481,50,24456,0.86,0.321,1
34,117425,68576,58,96118,0.584,0.819,1
32,145055,64174,38,70942,0.442,0.489,1
43,81268,26160,54,18689,0.322,0.23,1
35,112201,17633,40,37934,0.157,0.338,1
48,58243,17014,38,38276,0.292,0.657,1
54,77384,49104,12,24873,0.635,0.321,0
22,51653,41621,63,18050,0.806,0.349,1
52,46657,77231,10,71216,1.655,1.526,0
43,59952,68388,18,89444,1.141,1.492,0
42,42180,16014,10,89040,0.38,2.111,0
45,117432,33755,76,26644,0.287,0.227,1
42,141829,40390,45,67021,0.285,0.473,1
42,148377,23711,44,42125,0.16,0.284,1
62,98411,57993,0,71899,0.589,0.731,0
26,21622,74696,39,47291,3.455,2.187,0
35,68756,27213,18,40060,0.396,0.583,0
63,60809,57784,75,6538,0.95,0.108,1
57,36725,7421,71,41176,0.202,1.121,1
53,81396,17727,71,46520,0.218,0.572,1
28,71226,4358,60,30675,0.061,0.431,1
64,126296,65108,11,23287,0.516,0.184,0
64,101182,32117,60,5174,0.317,0.051,1
25,102565,31910,32,97268,0.311,0.948,1
59,49402,55754,44,39998,1.129,0.81,0
24,24263,62438,89,58312,2.573,2.403,0
26,143489,29371,91,17112,0.205,0.119,1
52,116523,51501,68,80225,0.442,0.688,1
50,66828,60946,7,49814,0.912,0.745,0
55,140824,38467,24,90091,0.273,0.64,1
60,67924,17625,90,55719,0.259,0.82,1
36,94182,33893,45,38919,0.36,0.413,1
33,113065,76329,86,78155,0.675,0.691,1
62,79052,31007,29,76569,0.392,0.969,0
50,31664,39532,46,46328,1.248,1.463,0
39,55737,54253,86,75482,0.973,1.354,1
37,121332,12323,48,29618,0.102,0.244,1
39,109563,73379,46,39675,0.67,0.362,1
48,49373,14210,83,23919,0.288,0.484,1
46,137369,16456,81,9173,0.12,0.067,1
57,56397,31367,17,31400,0.556,0.557,0
46,148575,54624,65,55445,0.368,0.373,1
43,106145,10106,67,75305,0.095,0.709,1
29,121371,68008,93,42564,0.56,0.351,1
32,58709,72240,32,50814,1.23,0.866,0
21,136074,64315,35,84747,0.473,0.623,0
21,81120,69249,81,93791,0.854,1.156,1
54,39250,70587,18,32962,1.798,0.84,0
52,41172,10756,27,89892,0.261,2.183,0
45,31555,68011,39,90842,2.155,2.879,0
60,107410,36378,83,75533,0.339,0.703,1
21,98617,4255,96,61184,0.043,0.62,1
36,73276,14484,75,87912,0.198,1.2,1
59,77492,56549,14,15578,0.73,0.201,0
25,73002,34503,40,23624,0.473,0.324,1
42,140103,73794,38,44194,0.527,0.315,1
49,144938,45113,1,5389,0.311,0.037,1
23,109599,74069,62,72391,0.676,0.661,1
32,92355,5249,28,18794,0.057,0.203,1
46,111248,19201,73,63002,0.173,0.566,1
36,44762,58576,65,40531,1.309,0.905,0
57,31046,9686,50,57815,0.312,1.862,0
42,116999,53363,74,9986,0.456,0.085,1
49,144130,661,76,37298,0.005,0.259,1
34,136021,44843,9,6481,0.33,0.048,0
48,48769,60963,13,61408,1.25,1.259,0
25,73302,42828,81,74267,0.584,1.013,1
50,43150,48604,50,21835,1.126,0.506,0
25,88247,10526,72,32798,0.119,0.372,1
32,24853,68910,38,96649,2.773,3.889,0
36,114613,25592,27,69887,0.223,0.61,1
46,140900,28982,2,24477,0.206,0.174,0
46,109399,207,83,22266,0.002,0.204,1
41,41792,68619,69,91328,1.642,2.185,0
59,79129,29328,26,90988,0.371,1.15,0
56,126019,46479,1,48526,0.369,0.385,0
53,94478,20103,92,16889,0.213,0.179,1
50,133811,39891,37,29335,0.298,0.219,1
57,134130,10754,2,16254,0.08,0.121,0
43,87298,72982,15,91610,0.836,1.049,0
30,51987,55922,93,16442,1.076,0.316,1
25,35850,48231,39,51289,1.345,1.431,0
56,32112,29301,1,58747,0.912,1.829,0
54,141789,62711,80,42327,0.442,0.299,1
51,44058,41323,40,21199,0.938,0.481,0
30,65420,18752,11,77827,0.287,1.19,0
39,58890,13395,34,5112,0.227,0.087,1
52,86017,56273,64,92051,0.654,1.07,1
21,67304,4895,54,24581,0.073,0.365,1
25,52921,76559,44,64722,1.447,1.223,0
24,125921,10699,78,97036,0.085,0.771,1
36,21524,65061,89,21523,3.023,1.0,0
44,120424,9715,84,71960,0.081,0.598,1
36,35048,19169,61,24552,0.547,0.701,1
22,55111,16163,48,15808,0.293,0.287,1
48,57904,5782,94,77525,0.1,1.339,1
52,74912,35585,24,28620,0.475,0.382,0
47,54008,30682,22,5887,0.568,0.109,0
40,20060,47864,23,36802,2.386,1.835,0
44,94666,55114,37,90024,0.582,0.951,0
32,103559,38067,27,86938,0.368,0.84,1
55,75337,42685,20,91741,0.567,1.218,0
53,130616,18073,53,31049,0.138,0.238,1
53,33350,36035,17,82789,1.081,2.482,0
63,44354,64977,35,89526,1.465,2.018,0
57,65186,65450,98,12846,1.004,0.197,1
32,48145,10382,44,95563,0.216,1.985,0
23,54020,4437,72,51220,0.082,0.948,1
21,106123,70971,52,51163,0.669,0.482,1
53,126667,64612,29,8765,0.51,0.069,1
60,95186,61929,59,86486,0.651,0.909,1
30,105469,12329,97,50270,0.117,0.477,1
63,40581,25169,31,80277,0.62,1.978,0
64,108929,34594,66,93278,0.318,0.856,1
49,43051,76957,66,95239,1.788,2.212,0
33,71474,60631,27,27931,0.848,0.391,0
32,111748,45033,43,94116,0.403,0.842,1
51,145995,63133,78,60633,0.432,0.415,1
22,134618,73165,40,85702,0.544,0.637,1
55,89626,73861,62,56913,0.824,0.635,1
43,26960,52290,22,99776,1.94,3.701,0
37,55772,31750,74,30991,0.569,0.556,1
46,41520,40461,47,59845,0.974,1.441,0
28,69481,73800,31,60312,1.062,0.868,0
49,56408,78222,56,15561,1.387,0.276,0
46,114006,24226,99,21901,0.212,0.192,1
30,148496,6721,32,67875,0.045,0.457,1
46,77134,56154,23,30917,0.728,0.401,0
54,40491,20609,38,67120,0.509,1.658,0
61,21341,52130,33,6988,2.443,0.327,0
27,64623,72909,55,19256,1.128,0.298,0
24,110327,55249,27,92728,0.501,0.84,0
31,20338,48895,36,33230,2.404,1.634,0
49,91431,5656,6,64778,0.062,0.708,0
56,32254,74520,67,50833,2.31,1.576,0
45,71860,63740,36,27625,0.887,0.384,0
41,31344,64309,55,37088,2.052,1.183,0
56,21750,29984,64,84650,1.379,3.892,0
30,74756,73822,64,46167,0.988,0.618,1
57,87957,5901,46,76291,0.067,0.867,1
29,125423,31552,19,70303,0.252,0.561,0
44,78053,31055,18,81361,0.398,1.042,0
55,90855,37685,28,93229,0.415,1.026,0
55,35896,73965,73,9117,2.061,0.254,0
56,75761,14716,59,95265,0.194,1.257,1
38,82552,11138,17,65710,0.135,0.796,0
59,140075,35298,91,99426,0.252,0.71,1
52,97454,51112,34,99876,0.524,1.025,0
44,146522,23429,42,72054,0.16,0.492,1
43,138681,50200,94,35949,0.362,0.259,1
52,110600,71308,90,27547,0.645,0.249,1
57,142732,48244,10,86882,0.338,0.609,0
32,132153,17347,48,73136,0.131,0.553,1
33,142926,16920,37,69619,0.118,0.487,1
43,47935,31822,63,66842,0.664,1.394,0
45,57641,46659,68,99803,0.809,1.731,0
55,49711,40108,7,31990,0.807,0.644,0
61,90342,7967,33,21193,0.088,0.235,1
50,126896,11871,47,35109,0.094,0.277,1
37,32182,77452,55,24233,2.407,0.753,0
40,107833,74270,75,86730,0.689,0.804,1
45,76276,33613,64,39510,0.441,0.518,1
42,39541,28179,30,6306,0.713,0.159,1
33,114457,52188,3,8849,0.456,0.077,0
39,102310,55099,49,17360,0.539,0.17,1
56,64813,35262,68,99767,0.544,1.539,0
32,57198,78213,29,50800,1.367,0.888,0
61,28820,18268,87,41963,0.634,1.456,1
39,44070,77866,58,59330,1.767,1.346,0
32,89768,60545,66,56707,0.674,0.632,1
29,31122,72146,74,23689,2.318,0.761,0
27,100559,71966,44,34084,0.716,0.339,1
48,93543,39922,3,45387,0.427,0.485,0
34,103441,79364,25,79816,0.767,0.772,0
51,61786,42913,26,7642,0.695,0.124,0
39,114934,55677,45,47137,0.484,0.41,1
36,119804,49841,63,84832,0.416,0.708,1
25,26737,46332,90,60561,1.733,2.265,0
55,56062,25032,50,67260,0.447,1.2,1
32,74237,37846,49,20438,0.51,0.275,1
45,71571,59474,5,53442,0.831,0.747,0
41,45510,44936,58,7994,0.987,0.176,0
56,39426,29794,14,6813,0.756,0.173,0
43,57265,61588,29,98027,1.075,1.712,0
36,37850,70984,41,89381,1.875,2.361,0
59,138249,50331,36,60276,0.364,0.436,1
62,86150,28141,41,46243,0.327,0.537,1
59,107312,9074,34,67912,0.085,0.633,1
34,109613,6406,86,65272,0.058,0.595,1
51,94910,23291,5,47051,0.245,0.496,0
25,72375,41568,67,83854,0.574,1.159,1
55,141826,46851,17,87736,0.33,0.619,0
43,55435,54823,72,70618,0.989,1.274,0
49,116443,23312,28,6920,0.2,0.059,1
63,77132,43108,76,82219,0.559,1.066,1
31,98945,66918,58,81872,0.676,0.827,1
38,102050,34171,46,86132,0.335,0.844,1
32,149828,41779,16,7093,0.279,0.047,0
29,115402,68828,95,17905,0.596,0.155,1
30,22983,12411,21,29351,0.54,1.277,0
64,117241,57009,67,35981,0.486,0.307,1
37,40662,15422,68,78903,0.379,1.94,1
58,43510,42468,36,75821,0.976,1.743,0
27,98187,32371,48,87289,0.33,0.889,1
33,60998,57022,12,89021,0.935,1.459,0
60,76846,71229,33,83513,0.927,1.087,0
62,114071,51196,85,24874,0.449,0.218,1
29,26640,26715,52,55931,1.003,2.1,0
47,64547,27605,86,12674,0.428,0.196,1
22,74620,31174,50,55516,0.418,0.744,1
25,35317,9956,2,99574,0.282,2.819,0
49,135608,76373,41,65686,0.563,0.484,1
57,27564,69252,97,99851,2.512,3.623,0
58,47345,61949,31,74212,1.308,1.567,0
39,133824,62646,50,7426,0.468,0.055,1
28,114223,70017,84,95009,0.613,0.832,1
21,143372,63037,45,73498,0.44,0.513,1
42,99273,6548,20,34943,0.066,0.352,1
37,94859,73294,43,71395,0.773,0.753,0
27,100765,23177,10,49816,0.23,0.494,0
45,130017,24022,67,9138,0.185,0.07,1
24,94038,5542,0,96176,0.059,1.023,0
56,143618,60428,91,80945,0.421,0.564,1
26,72393,22740,62,9017,0.314,0.125,1
51,86081,59353,23,15451,0.69,0.179,0
39,145341,56532,98,67956,0.389,0.468,1
64,122650,16052,12,98863,0.131,0.806,1
59,49430,47076,97,15278,0.952,0.309,1
47,95532,53420,10,95480,0.559,0.999,0
30,47788,671,99,48764,0.014,1.02,1
46,115505,163,50,6134,0.001,0.053,1
39,68543,41424,16,67943,0.604,0.991,0
59,33919,53744,98,59318,1.584,1.749,0
23,89346,70331,81,65128,0.787,0.729,1
33,116122,10634,85,93056,0.092,0.801,1
48,59974,4798,23,26869,0.08,0.448,1
40,127309,22420,18,10039,0.176,0.079,1
48,36371,29300,36,26281,0.806,0.723,0
28,65084,10749,84,15442,0.165,0.237,1
61,49629,25121,7,78788,0.506,1.588,0
59,71184,37487,27,32586,0.527,0.458,0
21,81916,33361,4,58053,0.407,0.709,0
23,147293,21223,16,55489,0.144,0.377,1
33,93972,72930,35,88104,0.776,0.938,0
48,82187,14056,18,91346,0.171,1.111,0
45,32984,28380,63,72087,0.86,2.186,0
53,53039,26035,90,17625,0.491,0.332,1
58,105431,30620,97,39397,0.29,0.374,1
26,103691,19877,10,63671,0.192,0.614,0
64,78606,55316,53,96785,0.704,1.231,0
52,30616,64041,44,71897,2.092,2.348,0
41,122665,53352,46,31149,0.435,0.254,1
36,125373,30911,11,65030,0.247,0.519,1
41,70072,32784,20,74906,0.468,1.069,0
31,44574,3191,10,10283,0.072,0.231,0
57,23430,33160,91,12610,1.415,0.538,1
56,139123,64641,4,48326,0.465,0.347,0
55,32676,49723,80,19924,1.522,0.61,0
39,30816,3631,55,81162,0.118,2.634,0
40,52733,6172,19,5869,0.117,0.111,1
38,105680,42080,40,6014,0.398,0.057,1
61,22050,20281,45,15103,0.92,0.685,0
34,129996,28671,11,87522,0.221,0.673,0
35,53933,51431,69,38458,0.954,0.713,1
51,44951,28602,16,95605,0.636,2.127,0
21,52413,51399,18,87409,0.981,1.668,0
23,54801,23472,25,28248,0.428,0.515,1
36,75619,49230,47,94160,0.651,1.245,0
43,52913,73616,51,48516,1.391,0.917,0
31,132573,7099,95,34061,0.054,0.257,1
32,139076,25431,69,29170,0.183,0.21,1
30,60600,56492,54,13024,0.932,0.215,1
52,77775,47684,99,87214,0.613,1.121,1
36,110816,30111,74,90947,0.272,0.821,1
28,149972,63936,32,48803,0.426,0.325,1
58,110093,22614,61,24296,0.205,0.221,1
32,132590,41991,87,96829,0.317,0.73,1
44,55400,70476,22,97708,1.272,1.764,0
48,24494,60920,14,91664,2.487,3.742,0
28,100688,63530,26,23257,0.631,0.231,0
48,142744,36224,74,17855,0.254,0.125,1
56,109431,7788,63,90178,0.071,0.824,1
46,94691,28082,80,25025,0.297,0.264,1
28,117419,76816,50,9458,0.654,0.081,1
48,128730,16531,52,68610,0.128,0.533,1
48,63001,44857,77,75843,0.712,1.204,1
57,87364,10142,90,88961,0.116,1.018,1
61,144988,48355,81,54831,0.334,0.378,1
56,65028,9866,91,48427,0.152,0.745,1
47,127434,70067,50,98809,0.55,0.775,1
37,117659,64027,46,43506,0.544,0.37,1
29,57573,57906,3,10668,1.006,0.185,0
53,20806,28138,6,96470,1.352,4.637,0
40,144343,29956,34,52195,0.208,0.362,1
33,76638,76295,47,78233,0.996,1.021,0
48,148301,5439,72,29417,0.037,0.198,1
49,146295,47241,71,86982,0.323,0.595,1
33,126506,42533,44,15751,0.336,0.125,1
55,49757,28270,80,51218,0.568,1.029,1
26,54636,78815,80,12352,1.443,0.226,0
38,100097,39279,96,84052,0.392,0.84,1
25,68280,23888,95,93835,0.35,1.374,1
45,44262,17630,71,33927,0.398,0.767,1
22,100435,61063,18,46094,0.608,0.459,0
30,82211,35144,62,59122,0.427,0.719,1
50,74842,52161,37,34493,0.697,0.461,1
25,148583,77360,66,97247,0.521,0.654,1
53,76979,50979,58,78539,0.662,1.02,0
21,134524,6979,68,36707,0.052,0.273,1
38,101470,26189,12,73814,0.258,0.727,0
52,58197,42600,46,12296,0.732,0.211,0
31,61844,59560,60,30398,0.963,0.492,0
41,84754,78040,30,40842,0.921,0.482,0
46,121868,61558,79,18261,0.505,0.15,1
45,54157,6910,95,81709,0.128,1.509,1
42,97129,57713,21,61704,0.594,0.635,0
47,60042,46857,92,72173,0.78,1.202,1
33,81665,34964,85,36781,0.428,0.45,1
53,135512,25227,42,18652,0.186,0.138,1
54,136953,5978,66,10103,0.044,0.074,1
61,102856,17153,53,30500,0.167,0.297,1
55,47376,59765,9,40529,1.262,0.855,0
21,129049,39071,41,23452,0.303,0.182,1
41,75554,69519,63,54393,0.92,0.72,1
26,34199,9503,20,36174,0.278,1.058,0
48,138533,60703,79,69450,0.438,0.501,1
37,101412,64379,75,40436,0.635,0.399,1
25,70948,57866,65,52406,0.816,0.739,1
51,93781,16905,40,68059,0.18,0.726,1
25,92750,45838,23,20954,0.494,0.226,0
58,86262,58279,34,87722,0.676,1.017,0
23,137424,26806,55,17356,0.195,0.126,1
43,66600,45000,29,7187,0.676,0.108,1
57,96898,22168,56,82243,0.229,0.849,1
57,82483,70119,93,40098,0.85,0.486,1
30,38297,38714,46,97471,1.011,2.545,0
30,50448,54093,34,26225,1.072,0.52,0
39,46172,55419,18,8606,1.2,0.186,0
37,62874,49145,7,62620,0.782,0.996,0
41,27657,77425,25,37828,2.799,1.368,0
34,104386,77811,70,31489,0.745,0.302,1
29,145617,2461,29,19387,0.017,0.133,1
21,45425,14291,6,74463,0.315,1.639,0
33,46685,46804,66,76832,1.003,1.646,0
24,142000,76971,64,7591,0.542,0.053,1
21,132855,64946,35,53516,0.489,0.403,1
60,44578,61332,24,96683,1.376,2.169,0
52,48831,77794,36,67061,1.593,1.373,0
54,27906,30841,0,71736,1.105,2.571,0
48,81413,48758,14,86257,0.599,1.059,0
51,74028,76272,36,66753,1.03,0.902,0
28,27287,37643,12,89774,1.38,3.29,0
59,53660,50408,7,16087,0.939,0.3,0
46,95758,43950,4,35816,0.459,0.374,0
54,80504,56849,59,28408,0.706,0.353,1
23,79720,28044,72,5136,0.352,0.064,1
32,122979,15997,0,22413,0.13,0.182,0
21,54701,79751,35,64500,1.458,1.179,0
64,103300,23911,34,89514,0.231,0.867,1
25,130177,55533,65,61358,0.427,0.471,1
50,37674,14571,62,71197,0.387,1.89,1
50,103560,57941,22,97789,0.559,0.944,0
37,131543,58005,8,97420,0.441,0.741,0
43,43874,58712,33,37854,1.338,0.863,0
35,63642,43541,45,81240,0.684,1.277,0
57,143867,23387,77,95063,0.163,0.661,1
41,117820,48908,3,21322,0.415,0.181,0
34,85160,13057,29,11968,0.153,0.141,1
22,37602,64028,94,32518,1.703,0.865,0
31,123320,55731,74,56925,0.452,0.462,1
59,108801,24858,98,64848,0.228,0.596,1
58,45931,48689,71,98422,1.06,2.143,0
54,114377,44638,2,6700,0.39,0.059,1
58,49192,46486,13,98782,0.945,2.008,0
54,66542,20567,59,28199,0.309,0.424,1
38,147015,29739,76,49589,0.202,0.337,1
50,62520,57804,44,37115,0.925,0.594,0
35,84772,3754,95,66934,0.044,0.79,1
47,78762,27044,33,59316,0.343,0.753,0
54,70106,67260,44,10520,0.959,0.15,1
58,101121,66912,60,41455,0.662,0.41,1
53,45559,8706,82,91465,0.191,2.008,1
44,125595,8894,15,46605,0.071,0.371,0
35,53742,18037,65,19955,0.336,0.371,1
50,89669,51612,39,49049,0.576,0.547,1
62,100199,29725,16,18917,0.297,0.189,0
37,41754,5926,33,75293,0.142,1.803,0
25,23972,9496,15,83581,0.396,3.487,0
49,90831,56447,59,69925,0.621,0.77,1
24,132217,29806,65,75269,0.225,0.569,1
30,61873,41321,65,35954,0.668,0.581,1
37,114661,65095,89,77617,0.568,0.677,1
30,126532,22656,12,46458,0.179,0.367,1
37,146267,55147,55,94037,0.377,0.643,1
40,29903,49666,30,26113,1.661,0.873,0
44,23020,38787,33,95226,1.685,4.137,0
25,61755,62946,38,48939,1.019,0.792,0
54,105956,21727,66,34345,0.205,0.324,1
26,106988,68056,7,51313,0.636,0.48,0
22,65648,3081,86,97365,0.047,1.483,1
33,123537,34196,77,74166,0.277,0.6,1
63,145991,36735,54,52861,0.252,0.362,1
63,29516,79578,26,54298,2.696,1.84,0
31,132863,25498,92,52221,0.192,0.393,1
43,135005,76865,52,49942,0.569,0.37,1
36,22396,31656,38,8453,1.413,0.377,0
51,104082,67695,64,59935,0.65,0.576,1
31,39129,37900,16,48370,0.969,1.236,0
36,148322,47701,29,13328,0.322,0.09,1
28,21591,19033,52,20534,0.882,0.951,0
24,31303,10805,12,90280,0.345,2.884,0
60,50561,35851,20,89925,0.709,1.779,0
24,91719,26832,18,41320,0.293,0.451,0
45,138618,63437,52,54170,0.458,0.391,1
23,112108,13944,18,85201,0.124,0.76,0
52,148748,19873,56,13640,0.134,0.092,1
23,119616,40372,24,96057,0.338,0.803,0
47,144165,15379,85,35049,0.107,0.243,1
49,106231,36751,30,10618,0.346,0.1,1
52,27314,5110,80,61053,0.187,2.235,0
39,137071,54341,54,6920,0.396,0.05,1
41,39623,12087,22,48937,0.305,1.235,0
25,87675,23762,31,74724,0.271,0.852,0
38,132992,9596,61,17207,0.072,0.129,1
48,116826,18313,73,70774,0.157,0.606,1
62,85082,66549,9,37972,0.782,0.446,0
42,149839,23705,99,15799,0.158,0.105,1
41,103624,67364,71,76088,0.65,0.734,1
26,125228,73445,53,33916,0.586,0.271,1
21,53130,78645,51,75463,1.48,1.42,0
25,71756,2023,19,98500,0.028,1.373,0
61,117624,59796,31,81700,0.508,0.695,0
32,46292,64429,13,42158,1.392,0.911,0
46,131785,61627,49,89607,0.468,0.68,1
54,147331,33848,27,76696,0.23,0.521,1
34,106206,37804,52,66510,0.356,0.626,1
46,89274,15379,23,63692,0.172,0.713,0
47,22469,59664,78,66744,2.655,2.97,0
29,73947,27766,21,20810,0.375,0.281,1
46,42534,68099,29,10126,1.601,0.238,0
42,83620,36060,62,35009,0.431,0.419,1
50,68874,69122,3,95932,1.004,1.393,0
63,69708,16087,76,5192,0.231,0.074,1
37,94553,48868,58,41413,0.517,0.438,1
46,88344,23225,86,17816,0.263,0.202,1
56,69138,6643,7,44082,0.096,0.638,1
21,74302,36727,81,70048,0.494,0.943,1
28,67638,11005,11,55940,0.163,0.827,0
55,98249,65697,30,37130,0.669,0.378,0
35,125865,16029,77,45142,0.127,0.359,1
42,22719,14226,33,41468,0.626,1.825,0
34,42890,63646,81,35698,1.484,0.832,0
46,97236,60603,97,15655,0.623,0.161,1
48,56509,28731,74,52897,0.508,0.936,1
43,62534,68926,75,35075,1.102,0.561,1
34,122302,5997,48,14359,0.049,0.117,1
44,112241,55506,78,47056,0.495,0.419,1
22,38787,78229,56,56831,2.017,1.465,0
46,146209,49815,94,64191,0.341,0.439,1
34,68845,42092,92,38272,0.611,0.556,1
27,77932,62539,25,19671,0.802,0.252,0
23,112124,66077,17,32048,0.589,0.286,0
43,111659,21817,95,81274,0.195,0.728,1
63,53062,37861,85,30963,0.714,0.584,1
38,95713,13428,37,48954,0.14,0.511,1
58,107263,43934,80,77309,0.41,0.721,1
55,115756,10258,86,5717,0.089,0.049,1
35,80461,57775,87,16676,0.718,0.207,1
45,95418,5469,49,9434,0.057,0.099,1
57,86672,28854,7,54810,0.333,0.632,0
48,148232,6256,40,99636,0.042,0.672,1
30,54832,76256,5,9994,1.391,0.182,0
59,147335,33937,68,9234,0.23,0.063,1
37,51966,1651,43,74300,0.032,1.43,1
59,92545,50288,63,48949,0.543,0.529,1
42,32987,25051,28,42405,0.759,1.286,0
46,57311,27386,27,39872,0.478,0.696,0
64,51575,75054,10,47215,1.455,0.915,0
45,83852,16184,64,28185,0.193,0.336,1
37,147650,33787,18,48442,0.229,0.328,1
33,21007,21621,8,56759,1.029,2.702,0
40,90981,75564,26,46153,0.831,0.507,0
45,96242,77984,33,82535,0.81,0.858,0
24,67517,59792,43,7581,0.886,0.112,0
30,130022,45253,67,56717,0.348,0.436,1
23,49257,34051,99,7763,0.691,0.158,1
61,107272,49811,81,97910,0.464,0.913,1
38,62207,30447,14,60480,0.489,0.972,0
56,33281,30254,50,43759,0.909,1.315,0
42,81246,57418,12,81067,0.707,0.998,0
54,21435,14472,82,30307,0.675,1.414,1
28,118875,3471,48,16064,0.029,0.135,1
60,120686,8329,69,81848,0.069,0.678,1
64,111357,34865,55,42548,0.313,0.382,1
39,46660,46850,75,41945,1.004,0.899,1
62,25084,54220,50,52937,2.162,2.11,0
61,102197,6397,36,11476,0.063,0.112,1
57,33507,35525,16,56756,1.06,1.694,0
26,92595,53072,57,95101,0.573,1.027,1
46,103807,23284,86,7382,0.224,0.071,1
54,65539,61330,89,54683,0.936,0.834,1
26,135953,25122,28,92999,0.185,0.684,1
57,27491,70553,32,50276,2.566,1.829,0
53,147706,62812,59,38402,0.425,0.26,1
42,132831,7999,90,96881,0.06,0.729,1
41,70192,22436,88,31946,0.32,0.455,1
26,100395,42963,54,84698,0.428,0.844,1
26,143797,2096,9,78933,0.015,0.549,1
24,83888,25279,46,27335,0.301,0.326,1
50,93609,26201,22,50095,0.28,0.535,0
31,29077,19715,84,84930,0.678,2.921,0
50,137440,29309,20,32197,0.213,0.234,1
51,142901,15078,12,27010,0.106,0.189,0
44,40953,56614,32,29123,1.382,0.711,0
29,96919,5105,23,92923,0.053,0.959,1
23,134682,2839,10,7890,0.021,0.059,1
51,141041,68920,16,98305,0.489,0.697,0
60,87889,43619,67,13026,0.496,0.148,1
57,43821,42821,46,69925,0.977,1.596,0
56,57567,13493,24,73842,0.234,1.283,0
44,135374,17069,93,38665,0.126,0.286,1
51,44860,7531,72,14277,0.168,0.318,1
26,41195,37051,20,47239,0.899,1.147,0
22,97475,7736,83,52664,0.079,0.54,1
40,110874,7710,82,53008,0.07,0.478,1
48,107266,67155,82,19683,0.626,0.183,1
31,41427,13975,11,5670,0.337,0.137,0
24,120732,62424,36,94211,0.517,0.78,0
35,47083,45603,41,22889,0.969,0.486,0
26,107046,23252,16,60612,0.217,0.566,0
50,77372,1431,47,49535,0.018,0.64,1
58,143786,74603,27,83542,0.519,0.581,0
22,64064,37481,40,59319,0.585,0.926,1
35,27813,9557,98,97067,0.344,3.49,0
31,51598,74971,46,26639,1.453,0.516,0
28,132718,162,17,69712,0.001,0.525,1
46,146879,34742,77,21633,0.237,0.147,1
64,113106,19675,98,39660,0.174,0.351,1
25,47082,73997,70,73975,1.572,1.571,0
26,49241,17015,12,37172,0.346,0.755,0
46,116214,50057,81,64197,0.431,0.552,1
24,64569,32591,12,63847,0.505,0.989,0
39,31745,9833,99,16577,0.31,0.522,1
40,46029,7896,30,82299,0.172,1.788,0
53,33025,32972,1,25176,0.998,0.762,0
40,121660,49733,15,49386,0.409,0.406,0
32,143395,41800,8,68972,0.292,0.481,0
21,34288,5347,72,94791,0.156,2.765,0
46,109186,59063,37,46003,0.541,0.421,0
34,26540,2643,74,24996,0.1,0.942,1
58,117768,40785,53,91598,0.346,0.778,1
57,101958,18681,55,40931,0.183,0.401,1
31,88878,50026,85,40710,0.563,0.458,1
56,61846,15892,96,39693,0.257,0.642,1
33,121148,47299,99,40740,0.39,0.336,1
63,95932,17073,86,82241,0.178,0.857,1
23,37482,30682,44,98583,0.819,2.63,0
53,43411,14289,33,81502,0.329,1.877,0
26,70975,7927,8,22374,0.112,0.315,1
30,80545,48330,87,81674,0.6,1.014,1
25,132302,66707,7,86471,0.504,0.654,0
43,98797,77454,6,50913,0.784,0.515,0
30,72307,65428,35,71025,0.905,0.982,0
64,23093,50601,17,49516,2.191,2.144,0
22,97258,77465,2,92796,0.796,0.954,0
33,42042,2539,27,31069,0.06,0.739,1
60,72930,22669,69,61233,0.311,0.84,1
22,137584,70968,43,89811,0.516,0.653,1
40,64413,20644,20,64049,0.32,0.994,0
21,133387,18745,27,44178,0.141,0.331,1
57,113623,28228,53,37821,0.248,0.333,1
29,117883,34521,53,56727,0.293,0.481,1
37,53756,26928,64,65935,0.501,1.227,1
29,73268,18322,99,21999,0.25,0.3,1
31,59214,57714,20,67522,0.975,1.14,0
35,101871,62292,98,43712,0.611,0.429,1
44,147844,29055,12,69551,0.197,0.47,1
58,48602,42891,56,45172,0.882,0.929,0
55,73331,6588,48,38722,0.09,0.528,1
50,68901,6304,53,15625,0.091,0.227,1
51,119986,7345,9,72165,0.061,0.601,1
25,83416,29300,52,81509,0.351,0.977,1
64,52196,24259,43,11859,0.465,0.227,1
34,148386,15352,46,46609,0.103,0.314,1
31,25626,33365,52,48307,1.302,1.885,0
29,27424,19446,73,26839,0.709,0.979,1
54,32857,2336,45,32216,0.071,0.98,1
32,130459,62032,12,57953,0.475,0.444,0
55,135621,75415,36,89481,0.556,0.66,1
55,39982,7521,23,65593,0.188,1.641,0
21,96961,71707,1,77075,0.74,0.795,0
60,21980,23481,85,54522,1.068,2.481,0
42,68290,18474,80,9886,0.271,0.145,1
49,46431,46760,99,12485,1.007,0.269,1
28,104976,55718,13,36455,0.531,0.347,0
31,127288,44629,9,21767,0.351,0.171,0
61,102711,45232,34,33453,0.44,0.326,1
57,134187,67169,24,81280,0.501,0.606,0
34,46385,50669,2,58442,1.092,1.26,0
50,58158,78021,16,56877,1.342,0.978,0
55,43019,69184,11,17226,1.608,0.4,0
41,38639,47945,53,98405,1.241,2.547,0
57,105530,13140,23,27588,0.125,0.261,1
25,119911,14357,28,83976,0.12,0.7,1
39,41563,68673,42,36709,1.652,0.883,0
34,59341,65633,24,52788,1.106,0.89,0
46,135672,76943,99,93031,0.567,0.686,1
24,25776,78258,59,42019,3.036,1.63,0
45,56444,12924,89,49948,0.229,0.885,1
62,88916,69286,64,70133,0.779,0.789,1
45,28711,74071,83,71458,2.58,2.489,0
38,94318,57326,27,32526,0.608,0.345,0
60,102970,30651,15,78493,0.298,0.762,0
28,132301,70202,46,57198,0.531,0.432,1
59,105553,48777,80,48395,0.462,0.458,1
60,50707,16994,91,29031,0.335,0.573,1
34,59110,67263,57,80542,1.138,1.363,0
52,149410,59634,75,42701,0.399,0.286,1
58,81788,10800,26,30939,0.132,0.378,1
53,102879,37823,52,54145,0.368,0.526,1
43,58827,63878,41,25324,1.086,0.43,0
35,127188,18708,58,27867,0.147,0.219,1
53,25655,12819,46,5203,0.5,0.203,1
45,64859,74905,93,21544,1.155,0.332,1
37,73625,63870,33,20899,0.868,0.284,0
53,72098,9283,36,34063,0.129,0.472,1
22,35251,30573,5,95880,0.867,2.72,0
34,142413,78707,6,8748,0.553,0.061,0
60,20526,30933,95,71629,1.507,3.49,0
60,88760,5774,95,85764,0.065,0.966,1
